/en/pablo_picasso;/en/salvador_dali
/en/pablo_picasso;/en/ben_shahn
/en/pablo_picasso;/en/karel_appel
/en/pablo_picasso;/en/jan_matulka
/en/pablo_picasso;/en/wassily_kandinsky
/en/pablo_picasso;/en/diego_rivera
/en/pablo_picasso;/en/david_smith_1906
/en/pablo_picasso;/en/georges_braque
/en/pablo_picasso;/en/francis_picabia
/en/pablo_picasso;/en/piet_mondrian
/en/pablo_picasso;/en/joan_miro
/en/pablo_picasso;/en/jackson_pollock
/en/henri_matisse;/en/milton_avery
/en/henri_matisse;/en/ben_shahn
/en/henri_matisse;/en/karel_appel
/en/henri_matisse;/en/david_hockney
/en/henri_matisse;/en/wassily_kandinsky
/en/henri_matisse;/en/francis_picabia
/en/henri_matisse;/en/richard_diebenkorn
/en/henri_matisse;/en/hans_hofmann
/en/henri_matisse;/en/georges_braque
/en/caravaggio;/en/dirck_van_baburen
/en/caravaggio;/en/hendrick_ter_brugghen
/en/caravaggio;/en/odd_nerdrum
/en/caravaggio;/en/simon_vouet
/en/caravaggio;/en/frank_stella
/en/caravaggio;/en/adam_elsheimer
/en/caravaggio;/en/peter_paul_rubens
/en/marcel_duchamp;/en/banksy
/en/marcel_duchamp;/en/robert_rauschenberg
/en/marcel_duchamp;/en/michael_craig-martin
/en/marcel_duchamp;/en/andy_warhol
/en/marcel_duchamp;/en/damien_hirst
/en/marcel_duchamp;/en/jasper_johns
/en/marcel_duchamp;/en/francis_picabia
/en/eugene_delacroix;/en/pablo_picasso
/en/eugene_delacroix;/en/paul_cezanne
/en/eugene_delacroix;/en/edouard_manet
/en/eugene_delacroix;/en/pierre-auguste_renoir
/en/eugene_delacroix;/en/claude_monet
/en/eugene_delacroix;/en/edgar_degas
/en/paul_cezanne;/en/vincent_van_gogh
/en/paul_cezanne;/en/diego_rivera
/en/paul_cezanne;/en/henri_matisse
/en/paul_cezanne;/en/andre_derain
/en/paul_cezanne;/en/joan_mitchell
/en/paul_cezanne;/en/georges_braque
/en/gustave_courbet;/en/charles-francois_daubigny
/en/gustave_courbet;/en/paul_cezanne
/en/gustave_courbet;/en/james_mcneill_whistler
/en/gustave_courbet;/en/edward_hopper
/en/gustave_courbet;/en/claude_monet
/en/diego_velazquez;/en/pablo_picasso
/en/diego_velazquez;/en/salvador_dali
/en/diego_velazquez;/en/john_singer_sargent
/en/diego_velazquez;/en/edouard_manet
/en/diego_velazquez;/en/francis_bacon_1909
/en/rembrandt;/en/bartholomeus_van_der_helst
/en/rembrandt;/en/john_lekay
/en/rembrandt;/en/gerard_dou
/en/rembrandt;/en/odd_nerdrum
/en/rembrandt;/en/carel_fabritius
/en/titian;/en/pietro_da_cortona
/en/titian;/en/rembrandt
/en/titian;/en/alonso_sanchez_coello
/en/titian;/en/peter_paul_rubens
/en/james_mcneill_whistler;/en/william_merritt_chase
/en/james_mcneill_whistler;/en/walter_sickert
/en/james_mcneill_whistler;/en/john_singer_sargent
/en/james_mcneill_whistler;/en/james_wilson_morrice
/en/arnold_bocklin;/en/giorgio_de_chirico
/en/arnold_bocklin;/en/salvador_dali
/en/arnold_bocklin;/en/max_ernst
/en/arnold_bocklin;/en/edvard_munch
/en/jasper_johns;/en/roy_lichtenstein
/en/jasper_johns;/en/brice_marden
/en/jasper_johns;/en/andy_warhol
/en/jasper_johns;/en/frank_stella
/en/peter_paul_rubens;/en/eugene_delacroix
/en/peter_paul_rubens;/en/jean-antoine_watteau
/en/peter_paul_rubens;/en/vincent_van_gogh
/en/peter_paul_rubens;/en/diego_velazquez
/en/camille_pissarro;/en/paul_gauguin
/en/camille_pissarro;/en/edgar_degas
/en/camille_pissarro;/en/paul_cezanne
/en/edgar_degas;/en/walter_sickert
/en/edgar_degas;/en/henri_de_toulouse-lautrec
/en/edgar_degas;/en/stefan_luchian
/en/joan_miro;/en/alberto_giacometti
/en/joan_miro;/en/salvador_dali
/en/joan_miro;/en/arshile_gorky
/en/willem_de_kooning;/en/franz_kline
/en/willem_de_kooning;/en/richard_diebenkorn
/en/willem_de_kooning;/en/joan_mitchell
/en/josef_albers;/en/robert_rauschenberg
/en/josef_albers;/en/willem_de_kooning
/en/josef_albers;/en/betty_hawley_kelso
/en/vincent_van_gogh;/en/willem_de_kooning
/en/vincent_van_gogh;/en/joan_mitchell
/en/vincent_van_gogh;/en/henri_matisse
/en/winslow_homer;/en/n_c_wyeth
/en/winslow_homer;/en/frederic_remington
/en/winslow_homer;/en/robert_henri
/en/edouard_manet;/en/paul_cezanne
/en/edouard_manet;/en/stefan_luchian
/en/edouard_manet;/en/pablo_picasso
/en/claude_monet;/en/edgar_degas
/en/claude_monet;/en/vincent_van_gogh
/en/claude_monet;/en/wassily_kandinsky
/en/michelangelo;/en/auguste_rodin
/en/michelangelo;/en/henry_moore
/en/michelangelo;/en/peter_paul_rubens
/en/hieronymus_bosch;/en/pieter_brueghel_the_elder
/en/hieronymus_bosch;/en/joan_miro
/en/hieronymus_bosch;/en/salvador_dali
/en/leonardo_da_vinci;/en/raphael
/en/leonardo_da_vinci;/en/peter_paul_rubens
/en/leonardo_da_vinci;/en/giorgio_vasari
/en/francisco_goya;/en/edouard_manet
/en/francisco_goya;/en/pablo_picasso
/en/franz_kline;/en/frank_stella
/en/franz_kline;/en/joan_mitchell
/en/paul_gauguin;/en/georgia_okeeffe
/en/paul_gauguin;/en/henri_matisse
/en/david_park;/en/richard_diebenkorn
/en/david_park;/en/elmer_bischoff
/en/william_hogarth;/en/john_lewis_krimmel
/en/william_hogarth;/en/ford_madox_brown
/en/wassily_kandinsky;/en/jean_arp
/en/wassily_kandinsky;/en/joan_mitchell
/en/joseph_beuys;/en/andy_goldsworthy
/en/joseph_beuys;/en/nam_june_paik
/en/joseph_cornell;/en/marcel_duchamp
/en/joseph_cornell;/en/h_c_westermann
/en/jackson_pollock;/en/frank_stella
/en/jackson_pollock;/en/helen_frankenthaler
/en/tristan_tzara;/en/brion_gysin
/en/tristan_tzara;/en/joan_miro
/en/thomas_cole;/en/frederic_edwin_church
/en/thomas_cole;/en/asher_brown_durand
/en/melozzo_da_forli;/en/raphael
/en/melozzo_da_forli;/en/michelangelo
/en/masaccio;/en/masolino_da_panicale
/en/masaccio;/en/domenico_ghirlandaio
/en/dante_gabriel_rossetti;/en/lewis_carroll
/en/dante_gabriel_rossetti;/en/edward_burne-jones
/en/claes_oldenburg;/en/jeff_koons
/en/claes_oldenburg;/en/dick_higgins
/en/jean-leon_gerome;/en/dennis_miller_bunker
/en/jean-leon_gerome;/en/william_mcgregor_paxton
/en/diego_rivera;/en/ben_shahn
/en/diego_rivera;/en/frida_kahlo
/en/henri_rousseau;/en/fernand_leger
/en/henri_rousseau;/en/pablo_picasso
/en/charles-francois_daubigny;/en/paul_cezanne
/en/charles-francois_daubigny;/en/claude_monet
/en/alessio_baldovinetti;/en/andrea_del_verrocchio
/en/alessio_baldovinetti;/en/domenico_ghirlandaio
/en/andrea_del_verrocchio;/en/domenico_ghirlandaio
/en/andrea_del_verrocchio;/en/leonardo_da_vinci
/en/hippolyte_delaroche;/en/charles-francois_daubigny
/en/hippolyte_delaroche;/en/jean-leon_gerome
/en/h_c_westermann;/en/jeff_koons
/en/h_c_westermann;/en/bruce_nauman
/en/nicolas_poussin;/en/paul_cezanne
/en/nicolas_poussin;/en/jacques-louis_david
/en/hendrick_ter_brugghen;/en/gerard_dou
/en/hendrick_ter_brugghen;/en/rembrandt
/en/giotto_di_bondone;/en/masaccio
/en/giotto_di_bondone;/en/fra_angelico
/en/giorgio_vasari;/en/marten_jacobszoon_heemskerk_van_veen
/en/giorgio_vasari;/en/carel_van_mander
/en/marten_jacobszoon_heemskerk_van_veen;/en/hendrik_goltzius
/en/marten_jacobszoon_heemskerk_van_veen;/en/carel_van_mander
/en/georges_braque;/en/diego_rivera
/en/georges_braque;/en/piet_mondrian
/en/albrecht_durer;/en/gustav_klimt
/en/albrecht_durer;/en/raphael
/en/filippo_lippi;/en/domenico_ghirlandaio
/en/filippo_lippi;/en/sandro_botticelli
/en/cimabue;/en/giotto_di_bondone
/en/anton_mauve;/en/vincent_van_gogh
/en/hans_makart;/en/gustav_klimt
/en/frank_frazetta;/en/gerald_brom
/en/thomas_eakins;/en/henry_ossawa_tanner
/en/filippo_brunelleschi;/en/masaccio
/en/jean-paul_laurens;/en/henry_ossawa_tanner
/en/donatello;/en/masaccio
/en/auguste_rodin;/en/alberto_giacometti
/en/theo_van_doesburg;/en/piet_mondrian
/en/mark_tobey;/en/jackson_pollock
/en/leon_bonnat;/en/john_singer_sargent
/en/max_ernst;/en/jackson_pollock
/en/jean_arp;/en/joan_miro
/en/robert_delaunay;/en/hans_hofmann
/en/milton_avery;/en/mark_rothko
/en/lawrence_alma-tadema;/en/john_william_waterhouse
/en/n_c_wyeth;/en/gerald_brom
/en/fernand_leger;/en/robert_colescott
/en/edward_hopper;/en/richard_diebenkorn
/en/hans_hofmann;/en/helen_frankenthaler
/en/gustav_klimt;/en/egon_schiele
/en/dennis_miller_bunker;/en/william_mcgregor_paxton
/en/frederic_leighton_1st_baron_leighton;/en/john_william_waterhouse
/en/thomas_hart_benton_1889;/en/jackson_pollock
/en/paul_signac;/en/henri_matisse
/en/harvey_littleton;/en/dale_chihuly
/en/kathe_kollwitz;/en/nicolae_tonitza
/en/lorenzo_ghiberti;/en/masolino_da_panicale
/en/robert_henri;/en/edward_hopper
/en/georges_rouault;/en/ben_shahn
/en/constantin_brancusi;/en/andy_goldsworthy
/en/francis_picabia;/en/tristan_tzara
/en/paul_klee;/en/ben_shahn
/en/antonin_mercie;/en/constantin_brancusi
/en/stefan_luchian;/en/nicolae_tonitza
/en/andre_derain;/en/georges_braque
/en/frank_duveneck;/en/joseph_decamp
/en/robert_rauschenberg;/en/brice_marden
/en/joseph_decamp;/en/william_mcgregor_paxton
/en/jan_matulka;/en/david_smith_1906
/en/piero_della_francesca;/en/melozzo_da_forli
/en/raphael;/en/pierre-auguste_renoir
/en/benjamin_jean_joseph_benjamin_constant;/en/henry_ossawa_tanner
/en/ford_madox_brown;/en/dante_gabriel_rossetti
/en/bartholomeus_van_der_helst;/en/joshua_reynolds
/en/arshile_gorky;/en/richard_diebenkorn
/en/leonaert_bramer;/en/johannes_vermeer
/en/john_lekay;/en/damien_hirst
/en/roger_van_der_weyden;/en/dirk_bouts
/en/dirck_van_baburen;/en/johannes_vermeer
/en/carel_fabritius;/en/johannes_vermeer
/en/jeff_koons;/en/damien_hirst
/en/richard_wilson_1714;/en/j_m_w_turner
/en/joseph-marie_vien;/en/jean-baptiste_regnault
/en/francois_boucher;/en/jean-honore_fragonard
/en/jean-baptiste-simeon_chardin;/en/jean-honore_fragonard
/en/giovanni_paolo_pannini;/en/canaletto
/en/hercules_seghers;/en/rembrandt
/en/adam_elsheimer;/en/leonaert_bramer
/en/paolo_veronese;/en/simon_vouet
/en/barnett_newman;/en/frank_stella
/en/pieter_brueghel_the_elder;/en/peter_paul_rubens
/en/anthony_more;/en/alonso_sanchez_coello
/en/juraj_julije_klovic;/en/albrecht_durer
/en/gillis_van_coninxloo;/en/hercules_seghers
/en/clyfford_still;/en/richard_diebenkorn
/en/salvador_dali;/en/h_r_giger
/en/guido_reni;/en/simon_vouet
/en/jan_van_eyck;/en/dirk_bouts
/en/annibale_carracci;/en/simon_vouet
/en/hendrik_goltzius;/en/cornelius_drebbel
/en/domenico_ghirlandaio;/en/michelangelo
/en/francis_bacon_1909;/en/john_lekay
/en/john_frederick_kensett;/en/martin_johnson_heade
/en/benjamin_champney;/en/martin_johnson_heade
/en/thomas_couture;/en/edouard_manet
/en/wolf_vostell;/en/nam_june_paik
/en/henri_lehmann;/en/camille_pissarro
/en/jean-francois_millet;/en/vincent_van_gogh
/en/jacopo_de_barbari;/en/albrecht_durer
/en/ben_nicholson;/en/andy_goldsworthy
/en/karl_von_piloty;/en/hans_makart
/en/john_everett_millais;/en/lewis_carroll
/en/gustave_moreau;/en/georges_rouault
/en/eugene_boudin;/en/claude_monet
/en/theodore_chasseriau;/en/gustave_moreau
/en/honore_daumier;/en/nicolae_tonitza
/en/andre_masson;/en/joan_miro
/en/william_blake;/en/samuel_palmer
/en/ben_shahn;/en/andy_warhol
/en/jean_dubuffet;/en/karel_appel
/en/jacques-louis_david;/en/antoine-jean_gros
/en/benjamin_west;/en/john_lewis_krimmel
/en/pieter_van_os;/en/anton_mauve
/en/john_lewis_krimmel;/en/thomas_eakins
/en/masolino_da_panicale;/en/masaccio
/en/robert_walter_weir;/en/james_mcneill_whistler
/en/michael_craig-martin;/en/damien_hirst
/en/leon_cogniet;/en/jean-louis-ernest_meissonier
/en/francois_edouard_picot;/en/gustave_moreau
/en/eugene_delacroix;/en/pablo_picasso
/en/henri_rousseau;/en/pablo_picasso
/en/francisco_goya;/en/pablo_picasso
/en/edouard_manet;/en/pablo_picasso
/en/diego_velazquez;/en/pablo_picasso
/en/vincent_van_gogh;/en/henri_matisse
/en/paul_cezanne;/en/henri_matisse
/en/paul_signac;/en/henri_matisse
/en/paul_gauguin;/en/henri_matisse
/en/joseph_cornell;/en/marcel_duchamp
/en/peter_paul_rubens;/en/eugene_delacroix
/en/camille_pissarro;/en/paul_cezanne
/en/eugene_delacroix;/en/paul_cezanne
/en/gustave_courbet;/en/paul_cezanne
/en/nicolas_poussin;/en/paul_cezanne
/en/edouard_manet;/en/paul_cezanne
/en/charles-francois_daubigny;/en/paul_cezanne
/en/peter_paul_rubens;/en/diego_velazquez
/en/hercules_seghers;/en/rembrandt
/en/hendrick_ter_brugghen;/en/rembrandt
/en/titian;/en/rembrandt
/en/robert_walter_weir;/en/james_mcneill_whistler
/en/gustave_courbet;/en/james_mcneill_whistler
/en/marcel_duchamp;/en/jasper_johns
/en/pieter_brueghel_the_elder;/en/peter_paul_rubens
/en/titian;/en/peter_paul_rubens
/en/caravaggio;/en/peter_paul_rubens
/en/leonardo_da_vinci;/en/peter_paul_rubens
/en/michelangelo;/en/peter_paul_rubens
/en/henri_lehmann;/en/camille_pissarro
/en/camille_pissarro;/en/edgar_degas
/en/eugene_delacroix;/en/edgar_degas
/en/claude_monet;/en/edgar_degas
/en/tristan_tzara;/en/joan_miro
/en/andre_masson;/en/joan_miro
/en/hieronymus_bosch;/en/joan_miro
/en/jean_arp;/en/joan_miro
/en/pablo_picasso;/en/joan_miro
/en/josef_albers;/en/willem_de_kooning
/en/vincent_van_gogh;/en/willem_de_kooning
/en/peter_paul_rubens;/en/vincent_van_gogh
/en/paul_cezanne;/en/vincent_van_gogh
/en/jean-francois_millet;/en/vincent_van_gogh
/en/anton_mauve;/en/vincent_van_gogh
/en/claude_monet;/en/vincent_van_gogh
/en/eugene_delacroix;/en/edouard_manet
/en/francisco_goya;/en/edouard_manet
/en/diego_velazquez;/en/edouard_manet
/en/thomas_couture;/en/edouard_manet
/en/charles-francois_daubigny;/en/claude_monet
/en/eugene_boudin;/en/claude_monet
/en/eugene_delacroix;/en/claude_monet
/en/gustave_courbet;/en/claude_monet
/en/melozzo_da_forli;/en/michelangelo
/en/domenico_ghirlandaio;/en/michelangelo
/en/andrea_del_verrocchio;/en/leonardo_da_vinci
/en/willem_de_kooning;/en/franz_kline
/en/camille_pissarro;/en/paul_gauguin
/en/pablo_picasso;/en/wassily_kandinsky
/en/henri_matisse;/en/wassily_kandinsky
/en/claude_monet;/en/wassily_kandinsky
/en/mark_tobey;/en/jackson_pollock
/en/max_ernst;/en/jackson_pollock
/en/thomas_hart_benton_1889;/en/jackson_pollock
/en/pablo_picasso;/en/jackson_pollock
/en/francis_picabia;/en/tristan_tzara
/en/piero_della_francesca;/en/melozzo_da_forli
/en/filippo_brunelleschi;/en/masaccio
/en/giotto_di_bondone;/en/masaccio
/en/masolino_da_panicale;/en/masaccio
/en/donatello;/en/masaccio
/en/ford_madox_brown;/en/dante_gabriel_rossetti
/en/hippolyte_delaroche;/en/jean-leon_gerome
/en/paul_cezanne;/en/diego_rivera
/en/georges_braque;/en/diego_rivera
/en/pablo_picasso;/en/diego_rivera
/en/hippolyte_delaroche;/en/charles-francois_daubigny
/en/gustave_courbet;/en/charles-francois_daubigny
/en/alessio_baldovinetti;/en/andrea_del_verrocchio
/en/joseph_cornell;/en/h_c_westermann
/en/caravaggio;/en/hendrick_ter_brugghen
/en/cimabue;/en/giotto_di_bondone
/en/leonardo_da_vinci;/en/giorgio_vasari
/en/giorgio_vasari;/en/marten_jacobszoon_heemskerk_van_veen
/en/andre_derain;/en/georges_braque
/en/paul_cezanne;/en/georges_braque
/en/pablo_picasso;/en/georges_braque
/en/henri_matisse;/en/georges_braque
/en/jacopo_de_barbari;/en/albrecht_durer
/en/juraj_julije_klovic;/en/albrecht_durer
/en/pieter_van_os;/en/anton_mauve
/en/karl_von_piloty;/en/hans_makart
/en/john_lewis_krimmel;/en/thomas_eakins
/en/michelangelo;/en/auguste_rodin
/en/arnold_bocklin;/en/max_ernst
/en/wassily_kandinsky;/en/jean_arp
/en/henri_matisse;/en/milton_avery
/en/winslow_homer;/en/n_c_wyeth
/en/henri_rousseau;/en/fernand_leger
/en/robert_henri;/en/edward_hopper
/en/gustave_courbet;/en/edward_hopper
/en/robert_delaunay;/en/hans_hofmann
/en/henri_matisse;/en/hans_hofmann
/en/albrecht_durer;/en/gustav_klimt
/en/hans_makart;/en/gustav_klimt
/en/jean-leon_gerome;/en/dennis_miller_bunker
/en/winslow_homer;/en/robert_henri
/en/gustave_moreau;/en/georges_rouault
/en/antonin_mercie;/en/constantin_brancusi
/en/pablo_picasso;/en/francis_picabia
/en/marcel_duchamp;/en/francis_picabia
/en/henri_matisse;/en/francis_picabia
/en/edgar_degas;/en/stefan_luchian
/en/edouard_manet;/en/stefan_luchian
/en/paul_cezanne;/en/andre_derain
/en/josef_albers;/en/robert_rauschenberg
/en/marcel_duchamp;/en/robert_rauschenberg
/en/frank_duveneck;/en/joseph_decamp
/en/pablo_picasso;/en/jan_matulka
/en/melozzo_da_forli;/en/raphael
/en/albrecht_durer;/en/raphael
/en/leonardo_da_vinci;/en/raphael
/en/william_hogarth;/en/ford_madox_brown
/en/rembrandt;/en/bartholomeus_van_der_helst
/en/joan_miro;/en/arshile_gorky
/en/adam_elsheimer;/en/leonaert_bramer
/en/rembrandt;/en/john_lekay
/en/francis_bacon_1909;/en/john_lekay
/en/caravaggio;/en/dirck_van_baburen
/en/rembrandt;/en/carel_fabritius
/en/h_c_westermann;/en/jeff_koons
/en/claes_oldenburg;/en/jeff_koons
/en/gillis_van_coninxloo;/en/hercules_seghers
/en/caravaggio;/en/adam_elsheimer
/en/hieronymus_bosch;/en/pieter_brueghel_the_elder
/en/joan_miro;/en/salvador_dali
/en/hieronymus_bosch;/en/salvador_dali
/en/diego_velazquez;/en/salvador_dali
/en/arnold_bocklin;/en/salvador_dali
/en/pablo_picasso;/en/salvador_dali
/en/marten_jacobszoon_heemskerk_van_veen;/en/hendrik_goltzius
/en/andrea_del_verrocchio;/en/domenico_ghirlandaio
/en/masaccio;/en/domenico_ghirlandaio
/en/alessio_baldovinetti;/en/domenico_ghirlandaio
/en/filippo_lippi;/en/domenico_ghirlandaio
/en/diego_velazquez;/en/francis_bacon_1909
/en/theodore_chasseriau;/en/gustave_moreau
/en/francois_edouard_picot;/en/gustave_moreau
/en/pablo_picasso;/en/ben_shahn
/en/diego_rivera;/en/ben_shahn
/en/georges_rouault;/en/ben_shahn
/en/paul_klee;/en/ben_shahn
/en/henri_matisse;/en/ben_shahn
/en/nicolas_poussin;/en/jacques-louis_david
/en/william_hogarth;/en/john_lewis_krimmel
/en/benjamin_west;/en/john_lewis_krimmel
/en/masaccio;/en/masolino_da_panicale
/en/lorenzo_ghiberti;/en/masolino_da_panicale
/en/marcel_duchamp;/en/michael_craig-martin
/en/josef_albers;/en/betty_hawley_kelso
/en/diego_rivera;/en/frida_kahlo
/en/hans_hofmann;/en/helen_frankenthaler
/en/jackson_pollock;/en/helen_frankenthaler
/en/harvey_littleton;/en/dale_chihuly
/en/h_c_westermann;/en/bruce_nauman
/en/salvador_dali;/en/h_r_giger
/en/jasper_johns;/en/brice_marden
/en/robert_rauschenberg;/en/brice_marden
/en/claes_oldenburg;/en/dick_higgins
/en/rembrandt;/en/odd_nerdrum
/en/caravaggio;/en/odd_nerdrum
/en/constantin_brancusi;/en/andy_goldsworthy
/en/ben_nicholson;/en/andy_goldsworthy
/en/joseph_beuys;/en/andy_goldsworthy
/en/roger_van_der_weyden;/en/dirk_bouts
/en/jan_van_eyck;/en/dirk_bouts
/en/marcel_duchamp;/en/banksy
/en/jeff_koons;/en/damien_hirst
/en/michael_craig-martin;/en/damien_hirst
/en/john_lekay;/en/damien_hirst
/en/marcel_duchamp;/en/damien_hirst
/en/n_c_wyeth;/en/gerald_brom
/en/frank_frazetta;/en/gerald_brom
/en/henri_matisse;/en/david_hockney
/en/franz_kline;/en/frank_stella
/en/jackson_pollock;/en/frank_stella
/en/caravaggio;/en/frank_stella
/en/barnett_newman;/en/frank_stella
/en/jasper_johns;/en/frank_stella
/en/jasper_johns;/en/roy_lichtenstein
/en/clyfford_still;/en/richard_diebenkorn
/en/willem_de_kooning;/en/richard_diebenkorn
/en/henri_matisse;/en/richard_diebenkorn
/en/edward_hopper;/en/richard_diebenkorn
/en/david_park;/en/richard_diebenkorn
/en/arshile_gorky;/en/richard_diebenkorn
/en/pablo_picasso;/en/karel_appel
/en/jean_dubuffet;/en/karel_appel
/en/henri_matisse;/en/karel_appel
/en/david_park;/en/elmer_bischoff
/en/franz_kline;/en/joan_mitchell
/en/paul_cezanne;/en/joan_mitchell
/en/vincent_van_gogh;/en/joan_mitchell
/en/willem_de_kooning;/en/joan_mitchell
/en/wassily_kandinsky;/en/joan_mitchell
/en/fernand_leger;/en/robert_colescott
/en/joseph_beuys;/en/nam_june_paik
/en/wolf_vostell;/en/nam_june_paik
/en/giotto_di_bondone;/en/fra_angelico
/en/pablo_picasso;/en/david_smith_1906
/en/jan_matulka;/en/david_smith_1906
/en/jasper_johns;/en/andy_warhol
/en/marcel_duchamp;/en/andy_warhol
/en/ben_shahn;/en/andy_warhol
/en/tristan_tzara;/en/brion_gysin
/en/james_mcneill_whistler;/en/william_merritt_chase
/en/richard_wilson_1714;/en/j_m_w_turner
/en/jacques-louis_david;/en/antoine-jean_gros
/en/joseph-marie_vien;/en/jean-baptiste_regnault
/en/francois_boucher;/en/jean-honore_fragonard
/en/jean-baptiste-simeon_chardin;/en/jean-honore_fragonard
/en/thomas_cole;/en/asher_brown_durand
/en/william_blake;/en/samuel_palmer
/en/thomas_cole;/en/frederic_edwin_church
/en/benjamin_champney;/en/martin_johnson_heade
/en/john_frederick_kensett;/en/martin_johnson_heade
/en/leon_cogniet;/en/jean-louis-ernest_meissonier
/en/bartholomeus_van_der_helst;/en/joshua_reynolds
/en/giovanni_paolo_pannini;/en/canaletto
/en/hendrik_goltzius;/en/cornelius_drebbel
/en/marten_jacobszoon_heemskerk_van_veen;/en/carel_van_mander
/en/giorgio_vasari;/en/carel_van_mander
/en/anthony_more;/en/alonso_sanchez_coello
/en/titian;/en/alonso_sanchez_coello
/en/annibale_carracci;/en/simon_vouet
/en/guido_reni;/en/simon_vouet
/en/paolo_veronese;/en/simon_vouet
/en/caravaggio;/en/simon_vouet
/en/titian;/en/pietro_da_cortona
/en/peter_paul_rubens;/en/jean-antoine_watteau
/en/carel_fabritius;/en/johannes_vermeer
/en/leonaert_bramer;/en/johannes_vermeer
/en/dirck_van_baburen;/en/johannes_vermeer
/en/hendrick_ter_brugghen;/en/gerard_dou
/en/rembrandt;/en/gerard_dou
/en/filippo_lippi;/en/sandro_botticelli
/en/dante_gabriel_rossetti;/en/lewis_carroll
/en/john_everett_millais;/en/lewis_carroll
/en/stefan_luchian;/en/nicolae_tonitza
/en/honore_daumier;/en/nicolae_tonitza
/en/kathe_kollwitz;/en/nicolae_tonitza
/en/theo_van_doesburg;/en/piet_mondrian
/en/georges_braque;/en/piet_mondrian
/en/pablo_picasso;/en/piet_mondrian
/en/dennis_miller_bunker;/en/william_mcgregor_paxton
/en/joseph_decamp;/en/william_mcgregor_paxton
/en/jean-leon_gerome;/en/william_mcgregor_paxton
/en/paul_gauguin;/en/georgia_okeeffe
/en/arnold_bocklin;/en/giorgio_de_chirico
/en/auguste_rodin;/en/alberto_giacometti
/en/joan_miro;/en/alberto_giacometti
/en/michelangelo;/en/henry_moore
/en/gustav_klimt;/en/egon_schiele
/en/james_mcneill_whistler;/en/james_wilson_morrice
/en/edgar_degas;/en/henri_de_toulouse-lautrec
/en/frederic_leighton_1st_baron_leighton;/en/john_william_waterhouse
/en/lawrence_alma-tadema;/en/john_william_waterhouse
/en/eugene_delacroix;/en/pierre-auguste_renoir
/en/raphael;/en/pierre-auguste_renoir
/en/dante_gabriel_rossetti;/en/edward_burne-jones
/en/leon_bonnat;/en/john_singer_sargent
/en/james_mcneill_whistler;/en/john_singer_sargent
/en/diego_velazquez;/en/john_singer_sargent
/en/jean-paul_laurens;/en/henry_ossawa_tanner
/en/benjamin_jean_joseph_benjamin_constant;/en/henry_ossawa_tanner
/en/thomas_eakins;/en/henry_ossawa_tanner
/en/arnold_bocklin;/en/edvard_munch
/en/winslow_homer;/en/frederic_remington
/en/edgar_degas;/en/walter_sickert
/en/james_mcneill_whistler;/en/walter_sickert
/en/milton_avery;/en/mark_rothko
